test_1_0_2080f5e45ea579eb4e02b9d2f63459d6660b,4,343,277,408,357
test_1_0_2080f5e45ea579eb4e02b9d2f63459d6660b,0,293,312,331,377
test_1_0_2080f5e45ea579eb4e02b9d2f63459d6660b,0,289,110,321,153
test_1_0_2080f5e45ea579eb4e02b9d2f63459d6660b,0,84,290,195,405
test_1_0_2080f5e45ea579eb4e02b9d2f63459d6660b,1,293,312,331,377
test_1_0_832d75c52db3a79ea88d501d787f16446f9,1,357,165,380,210
test_1_416_24965afe5cc52518c0ce31cc4642f2f69b07,1,256,200,288,240
test_1_416_24965afe5cc52518c0ce31cc4642f2f69b07,1,354,145,392,176
test_1_416_24965afe5cc52518c0ce31cc4642f2f69b07,1,244,256,267,287
test_1_416_24965afe5cc52518c0ce31cc4642f2f69b07,1,202,287,228,314
test_1_416_24965afe5cc52518c0ce31cc4642f2f69b07,0,24,0,59,25
test_1_416_24965afe5cc52518c0ce31cc4642f2f69b07,1,24,0,59,25
test_1_416_416bd0627650bc1953369b0e2bf0703fd55,2,0,323,78,408
test_1_416_416bd0627650bc1953369b0e2bf0703fd55,2,161,169,219,235
test_1_416_416bd0627650bc1953369b0e2bf0703fd55,2,170,77,231,159
test_1_416_416bd0627650bc1953369b0e2bf0703fd55,4,217,169,258,250
test_1_416_416bd0627650bc1953369b0e2bf0703fd55,1,9,108,35,135
test_1_416_416bd0627650bc1953369b0e2bf0703fd55,0,83,367,113,415
test_1_416_416bd0627650bc1953369b0e2bf0703fd55,1,83,367,113,415
test_2_1248_0a2ad25ed7ba46e165db6e1db21fbf08c,2,170,97,247,160
test_2_1248_0a2ad25ed7ba46e165db6e1db21fbf08c,2,242,191,304,261
test_2_1248_0a2ad25ed7ba46e165db6e1db21fbf08c,3,132,271,204,368
test_2_1248_0a2ad25ed7ba46e165db6e1db21fbf08c,1,65,229,95,269
test_2_1248_0a2ad25ed7ba46e165db6e1db21fbf08c,1,313,110,349,148
test_2_1248_0a2ad25ed7ba46e165db6e1db21fbf08c,0,271,302,400,415
test_2_1248_0a2ad25ed7ba46e165db6e1db21fbf08c,1,271,302,400,415
test_2_416_04176f2123dfaea456fae4cc5315b5000,2,117,182,196,246
test_2_416_04176f2123dfaea456fae4cc5315b5000,2,171,66,248,127
test_2_416_04176f2123dfaea456fae4cc5315b5000,2,361,199,415,266
test_2_416_04176f2123dfaea456fae4cc5315b5000,4,91,295,176,340
test_2_416_04176f2123dfaea456fae4cc5315b5000,4,14,266,89,309
test_2_416_04176f2123dfaea456fae4cc5315b5000,4,91,95,171,145
test_2_416_04176f2123dfaea456fae4cc5315b5000,4,243,53,312,89
test_2_416_04176f2123dfaea456fae4cc5315b5000,1,235,179,273,209
test_2_416_04176f2123dfaea456fae4cc5315b5000,1,232,348,268,373
test_2_416_04176f2123dfaea456fae4cc5315b5000,1,383,56,415,97
test_2_416_04176f2123dfaea456fae4cc5315b5000,0,319,273,358,309
test_2_416_04176f2123dfaea456fae4cc5315b5000,0,374,327,415,368
test_2_416_04176f2123dfaea456fae4cc5315b5000,0,368,148,406,194
test_2_416_04176f2123dfaea456fae4cc5315b5000,1,319,273,358,309