test_1_0_2080f5e45ea579eb4e02b9d2f63459d6660b,0,90,1,407,157
test_1_0_2080f5e45ea579eb4e02b9d2f63459d6660b,0,90,1,407,157
test_1_0_2080f5e45ea579eb4e02b9d2f63459d6660b,0,90,1,407,157
test_1_0_2080f5e45ea579eb4e02b9d2f63459d6660b,0,90,1,407,157
test_1_0_2080f5e45ea579eb4e02b9d2f63459d6660b,0,90,1,407,157
test_1_0_832d75c52db3a79ea88d501d787f16446f9,1,86,62,295,239
test_1_416_24965afe5cc52518c0ce31cc4642f2f69b07,0,105,112,373,399
test_1_416_24965afe5cc52518c0ce31cc4642f2f69b07,1,119,92,406,333
test_1_416_24965afe5cc52518c0ce31cc4642f2f69b07,1,104,115,365,406
test_1_416_24965afe5cc52518c0ce31cc4642f2f69b07,1,104,115,365,406
test_1_416_24965afe5cc52518c0ce31cc4642f2f69b07,0,105,112,373,399
test_1_416_24965afe5cc52518c0ce31cc4642f2f69b07,0,105,112,373,399
test_1_416_416bd0627650bc1953369b0e2bf0703fd55,0,85,36,337,296
test_1_416_416bd0627650bc1953369b0e2bf0703fd55,2,54,45,268,281
test_1_416_416bd0627650bc1953369b0e2bf0703fd55,2,43,32,272,279
test_1_416_416bd0627650bc1953369b0e2bf0703fd55,2,43,32,272,279
test_1_416_416bd0627650bc1953369b0e2bf0703fd55,2,54,45,268,281
test_1_416_416bd0627650bc1953369b0e2bf0703fd55,0,85,36,337,296
test_1_416_416bd0627650bc1953369b0e2bf0703fd55,0,85,36,337,296
test_2_1248_0a2ad25ed7ba46e165db6e1db21fbf08c,2,97,73,399,337
test_2_1248_0a2ad25ed7ba46e165db6e1db21fbf08c,2,97,73,399,337
test_2_1248_0a2ad25ed7ba46e165db6e1db21fbf08c,0,9,92,107,359
test_2_1248_0a2ad25ed7ba46e165db6e1db21fbf08c,2,22,52,204,291
test_2_1248_0a2ad25ed7ba46e165db6e1db21fbf08c,2,97,73,399,337
test_2_1248_0a2ad25ed7ba46e165db6e1db21fbf08c,2,97,73,399,337
test_2_1248_0a2ad25ed7ba46e165db6e1db21fbf08c,2,97,73,399,337
test_2_416_04176f2123dfaea456fae4cc5315b5000,2,24,56,220,307
test_2_416_04176f2123dfaea456fae4cc5315b5000,1,86,60,363,284
test_2_416_04176f2123dfaea456fae4cc5315b5000,1,106,78,379,288
test_2_416_04176f2123dfaea456fae4cc5315b5000,4,25,64,225,312
test_2_416_04176f2123dfaea456fae4cc5315b5000,4,25,64,225,312
test_2_416_04176f2123dfaea456fae4cc5315b5000,2,24,56,220,307
test_2_416_04176f2123dfaea456fae4cc5315b5000,2,47,15,300,146
test_2_416_04176f2123dfaea456fae4cc5315b5000,1,94,71,361,294
test_2_416_04176f2123dfaea456fae4cc5315b5000,0,21,76,134,285
test_2_416_04176f2123dfaea456fae4cc5315b5000,1,86,60,363,284
test_2_416_04176f2123dfaea456fae4cc5315b5000,1,94,71,361,294
test_2_416_04176f2123dfaea456fae4cc5315b5000,0,21,76,134,285
test_2_416_04176f2123dfaea456fae4cc5315b5000,1,106,78,379,288
test_2_416_04176f2123dfaea456fae4cc5315b5000,4,77,6,414,95